[{"Test":"hasSecurityMeasure range SecurityMeasure","Results":[{"Ontology":"http://www.semanticweb.org/phili/ontologies/2021/4/untitled-ontology-7","Result":"Passed"}]},{"Test":"hasSecurityMeasure domain Dataset","Results":[{"Ontology":"http://www.semanticweb.org/phili/ontologies/2021/4/untitled-ontology-7","Result":"Passed"}]},{"Test":"InitialPurpose subClassOf Purpose","Results":[{"Ontology":"http://www.semanticweb.org/phili/ontologies/2021/4/untitled-ontology-7","Result":"Passed"}]},{"Test":"Risk type Class","Results":[{"Ontology":"http://www.semanticweb.org/phili/ontologies/2021/4/untitled-ontology-7","Result":"Passed"}]}]