[ {
  "@id" : "http://purl.org/dc/terms/created",
  "@type" : [ "http://www.w3.org/2002/07/owl#AnnotationProperty" ]
}, {
  "@id" : "http://purl.org/dc/terms/creator",
  "@type" : [ "http://www.w3.org/2002/07/owl#AnnotationProperty" ]
}, {
  "@id" : "http://purl.org/dc/terms/description",
  "@type" : [ "http://www.w3.org/2002/07/owl#AnnotationProperty" ]
}, {
  "@id" : "http://purl.org/dc/terms/modified",
  "@type" : [ "http://www.w3.org/2002/07/owl#AnnotationProperty" ]
}, {
  "@id" : "http://purl.org/vocab/vann/usageNote",
  "@type" : [ "http://www.w3.org/2002/07/owl#AnnotationProperty" ]
}, {
  "@id" : "http://www.lseid.org/ns/lseid#Assessment",
  "@type" : [ "http://www.w3.org/2002/07/owl#Class" ],
  "http://www.w3.org/2000/01/rdf-schema#comment" : [ {
    "@value" : "A judgement about something. It usually analyses the  potential impact and risks"
  } ],
  "http://www.w3.org/2000/01/rdf-schema#label" : [ {
    "@value" : "Assessment"
  } ]
}, {
  "@id" : "http://www.lseid.org/ns/lseid#Authority",
  "@type" : [ "http://www.w3.org/2002/07/owl#Class" ],
  "http://www.w3.org/2000/01/rdf-schema#comment" : [ {
    "@value" : "An official institution"
  } ],
  "http://www.w3.org/2000/01/rdf-schema#label" : [ {
    "@value" : "Authority"
  } ]
}, {
  "@id" : "http://www.lseid.org/ns/lseid#Bias",
  "@type" : [ "http://www.w3.org/2002/07/owl#Class" ],
  "http://www.w3.org/2000/01/rdf-schema#comment" : [ {
    "@value" : "Something that is not equally representative for every affected group"
  } ],
  "http://www.w3.org/2000/01/rdf-schema#label" : [ {
    "@value" : "Bias"
  } ]
}, {
  "@id" : "http://www.lseid.org/ns/lseid#Data",
  "@type" : [ "http://www.w3.org/2002/07/owl#Class" ],
  "http://www.w3.org/2000/01/rdf-schema#comment" : [ {
    "@value" : "A piece of information. A collection of Data forms a Dataset"
  } ],
  "http://www.w3.org/2000/01/rdf-schema#label" : [ {
    "@value" : "Data"
  } ]
}, {
  "@id" : "http://www.lseid.org/ns/lseid#DataSource",
  "@type" : [ "http://www.w3.org/2002/07/owl#Class" ],
  "http://www.w3.org/2000/01/rdf-schema#comment" : [ {
    "@value" : "Specifies where data comes from"
  } ],
  "http://www.w3.org/2000/01/rdf-schema#label" : [ {
    "@value" : "DataSource"
  } ]
}, {
  "@id" : "http://www.lseid.org/ns/lseid#DiscouragedPurpose",
  "@type" : [ "http://www.w3.org/2002/07/owl#Class" ],
  "http://www.w3.org/2000/01/rdf-schema#comment" : [ {
    "@value" : "Discouraged purpose defines a data application that is considered to be risky, not ethical or problematic in any other form"
  } ],
  "http://www.w3.org/2000/01/rdf-schema#label" : [ {
    "@value" : "DiscouragedPurpose"
  } ],
  "http://www.w3.org/2000/01/rdf-schema#subClassOf" : [ {
    "@id" : "http://www.w3.org/ns/dpv#Purpose"
  } ]
}, {
  "@id" : "http://www.lseid.org/ns/lseid#Evaluation",
  "@type" : [ "http://www.w3.org/2002/07/owl#Class" ],
  "http://www.w3.org/2000/01/rdf-schema#comment" : [ {
    "@value" : "The outcome or response to a request"
  } ],
  "http://www.w3.org/2000/01/rdf-schema#label" : [ {
    "@value" : "Evaluation"
  } ]
}, {
  "@id" : "http://www.lseid.org/ns/lseid#Group",
  "@type" : [ "http://www.w3.org/2002/07/owl#Class" ],
  "http://www.w3.org/2000/01/rdf-schema#comment" : [ {
    "@value" : "Various people that share a common characterstic"
  } ],
  "http://www.w3.org/2000/01/rdf-schema#label" : [ {
    "@value" : "Group"
  } ]
}, {
  "@id" : "http://www.lseid.org/ns/lseid#Guideline",
  "@type" : [ "http://www.w3.org/2002/07/owl#Class" ],
  "http://www.w3.org/2000/01/rdf-schema#comment" : [ {
    "@value" : "A common standard or step by step guide"
  } ],
  "http://www.w3.org/2000/01/rdf-schema#label" : [ {
    "@value" : "Guideline"
  } ]
}, {
  "@id" : "http://www.lseid.org/ns/lseid#InitialPurpose",
  "@type" : [ "http://www.w3.org/2002/07/owl#Class" ],
  "http://www.w3.org/2000/01/rdf-schema#comment" : [ {
    "@value" : "The main purpose. This is the initial idea on how and why to process the data"
  } ],
  "http://www.w3.org/2000/01/rdf-schema#label" : [ {
    "@value" : "InitialPurpose"
  } ],
  "http://www.w3.org/2000/01/rdf-schema#subClassOf" : [ {
    "@id" : "http://www.w3.org/ns/dpv#Purpose"
  } ]
}, {
  "@id" : "http://www.lseid.org/ns/lseid#Measure",
  "@type" : [ "http://www.w3.org/2002/07/owl#Class" ],
  "http://www.w3.org/2000/01/rdf-schema#comment" : [ {
    "@value" : "This entity is used to indicate an action that has been taken to achieve a specific goal (the sub-classes of this class specify the type of action that has been taken)"
  } ],
  "http://www.w3.org/2000/01/rdf-schema#label" : [ {
    "@value" : "Measure"
  } ]
}, {
  "@id" : "http://www.lseid.org/ns/lseid#OrganizationalStakeholder",
  "@type" : [ "http://www.w3.org/2002/07/owl#Class" ],
  "http://www.w3.org/2000/01/rdf-schema#comment" : [ {
    "@value" : "Stakeholder that can be considered as an organized entity or institution"
  } ],
  "http://www.w3.org/2000/01/rdf-schema#label" : [ {
    "@value" : "OrganizationalStakeholder"
  } ],
  "http://www.w3.org/2000/01/rdf-schema#subClassOf" : [ {
    "@id" : "http://www.lseid.org/ns/lseid#Stakeholder"
  } ]
}, {
  "@id" : "http://www.lseid.org/ns/lseid#OtherPurpose",
  "@type" : [ "http://www.w3.org/2002/07/owl#Class" ],
  "http://www.w3.org/2000/01/rdf-schema#comment" : [ {
    "@value" : "Used for any purpose that is neither considered to be the inital purpose nor a discouraged purpose"
  } ],
  "http://www.w3.org/2000/01/rdf-schema#label" : [ {
    "@value" : "OtherPurpose"
  } ],
  "http://www.w3.org/2000/01/rdf-schema#subClassOf" : [ {
    "@id" : "http://www.w3.org/ns/dpv#Purpose"
  } ]
}, {
  "@id" : "http://www.lseid.org/ns/lseid#Outcome",
  "@type" : [ "http://www.w3.org/2002/07/owl#Class" ],
  "http://www.w3.org/2000/01/rdf-schema#comment" : [ {
    "@value" : "The result produced by a guideline"
  } ],
  "http://www.w3.org/2000/01/rdf-schema#label" : [ {
    "@value" : "Outcome"
  } ]
}, {
  "@id" : "http://www.lseid.org/ns/lseid#RiskMitigationMeasure",
  "@type" : [ "http://www.w3.org/2002/07/owl#Class" ],
  "http://www.w3.org/2000/01/rdf-schema#comment" : [ {
    "@value" : "This class is used to indicate the measure that has been taken to mitigate a risk"
  } ],
  "http://www.w3.org/2000/01/rdf-schema#label" : [ {
    "@value" : "RiskMitigationMeasure"
  } ],
  "http://www.w3.org/2000/01/rdf-schema#subClassOf" : [ {
    "@id" : "http://www.lseid.org/ns/lseid#Measure"
  } ]
}, {
  "@id" : "http://www.lseid.org/ns/lseid#SecurityMeasure",
  "@type" : [ "http://www.w3.org/2002/07/owl#Class" ],
  "http://www.w3.org/2000/01/rdf-schema#comment" : [ {
    "@value" : "This class is used to indicate a measure that has been taken to prevent the misuse of data"
  } ],
  "http://www.w3.org/2000/01/rdf-schema#label" : [ {
    "@value" : "SecurityMeasure"
  } ],
  "http://www.w3.org/2000/01/rdf-schema#subClassOf" : [ {
    "@id" : "http://www.lseid.org/ns/lseid#Measure"
  } ]
}, {
  "@id" : "http://www.lseid.org/ns/lseid#Stakeholder",
  "@type" : [ "http://www.w3.org/2002/07/owl#Class" ],
  "http://www.w3.org/2000/01/rdf-schema#comment" : [ {
    "@value" : "A person (or authority) of interest"
  } ],
  "http://www.w3.org/2000/01/rdf-schema#label" : [ {
    "@value" : "Stakeholder"
  } ]
}, {
  "@id" : "http://www.lseid.org/ns/lseid#affectsGroup",
  "@type" : [ "http://www.w3.org/2002/07/owl#ObjectProperty" ],
  "http://www.w3.org/2000/01/rdf-schema#comment" : [ {
    "@value" : "Indicates which groups are affected by the Purpose of the data processing"
  } ],
  "http://www.w3.org/2000/01/rdf-schema#domain" : [ {
    "@id" : "http://www.w3.org/ns/dpv#Purpose"
  } ],
  "http://www.w3.org/2000/01/rdf-schema#label" : [ {
    "@value" : "affectsGroup"
  } ],
  "http://www.w3.org/2000/01/rdf-schema#range" : [ {
    "@id" : "http://www.lseid.org/ns/lseid#Group"
  } ]
}, {
  "@id" : "http://www.lseid.org/ns/lseid#authorOfDataCollection",
  "@type" : [ "http://www.w3.org/2002/07/owl#DatatypeProperty" ],
  "http://www.w3.org/2000/01/rdf-schema#comment" : [ {
    "@value" : "Used to indicate the responsible person or organization of the data collection"
  } ],
  "http://www.w3.org/2000/01/rdf-schema#domain" : [ {
    "@id" : "http://www.lseid.org/ns/lseid#DataSource"
  } ],
  "http://www.w3.org/2000/01/rdf-schema#label" : [ {
    "@value" : "authorOfDataCollection"
  } ],
  "http://www.w3.org/2000/01/rdf-schema#range" : [ {
    "@id" : "http://www.w3.org/2000/01/rdf-schema#Literal"
  } ]
}, {
  "@id" : "http://www.lseid.org/ns/lseid#authorOfGuideline",
  "@type" : [ "http://www.w3.org/2002/07/owl#DatatypeProperty" ],
  "http://www.w3.org/2000/01/rdf-schema#comment" : [ {
    "@value" : "The author of the guideline"
  } ],
  "http://www.w3.org/2000/01/rdf-schema#domain" : [ {
    "@id" : "http://www.lseid.org/ns/lseid#Guideline"
  } ],
  "http://www.w3.org/2000/01/rdf-schema#label" : [ {
    "@value" : "authorOfGuideline"
  } ],
  "http://www.w3.org/2000/01/rdf-schema#range" : [ {
    "@id" : "http://www.w3.org/2000/01/rdf-schema#Literal"
  } ]
}, {
  "@id" : "http://www.lseid.org/ns/lseid#conductsAssessment",
  "@type" : [ "http://www.w3.org/2002/07/owl#ObjectProperty" ],
  "http://www.w3.org/2000/01/rdf-schema#comment" : [ {
    "@value" : "Used to describe the execution of an Assessment by an organizational Stakeholder"
  } ],
  "http://www.w3.org/2000/01/rdf-schema#domain" : [ {
    "@id" : "http://www.lseid.org/ns/lseid#OrganizationalStakeholder"
  } ],
  "http://www.w3.org/2000/01/rdf-schema#label" : [ {
    "@value" : "conductsAssessment"
  } ],
  "http://www.w3.org/2000/01/rdf-schema#range" : [ {
    "@id" : "http://www.lseid.org/ns/lseid#Assessment"
  } ]
}, {
  "@id" : "http://www.lseid.org/ns/lseid#consultsWith",
  "@type" : [ "http://www.w3.org/2002/07/owl#ObjectProperty" ],
  "http://www.w3.org/2000/01/rdf-schema#comment" : [ {
    "@value" : "Indicates that Data Controller consults with an Authority over a dataset and it's possible processing applications"
  } ],
  "http://www.w3.org/2000/01/rdf-schema#domain" : [ {
    "@id" : "http://www.w3.org/ns/dpv#DataController"
  } ],
  "http://www.w3.org/2000/01/rdf-schema#label" : [ {
    "@value" : "consultsWith"
  } ],
  "http://www.w3.org/2000/01/rdf-schema#range" : [ {
    "@id" : "http://www.lseid.org/ns/lseid#Authority"
  } ]
}, {
  "@id" : "http://www.lseid.org/ns/lseid#containsBias",
  "@type" : [ "http://www.w3.org/2002/07/owl#ObjectProperty" ],
  "http://www.w3.org/2000/01/rdf-schema#comment" : [ {
    "@value" : "Indicates what kind of Bias a dataset contains"
  } ],
  "http://www.w3.org/2000/01/rdf-schema#domain" : [ {
    "@id" : "http://www.w3.org/ns/dcat#Dataset"
  } ],
  "http://www.w3.org/2000/01/rdf-schema#label" : [ {
    "@value" : "containsBias"
  } ],
  "http://www.w3.org/2000/01/rdf-schema#range" : [ {
    "@id" : "http://www.lseid.org/ns/lseid#Bias"
  } ]
}, {
  "@id" : "http://www.lseid.org/ns/lseid#containsData",
  "@type" : [ "http://www.w3.org/2002/07/owl#ObjectProperty" ],
  "http://www.w3.org/2000/01/rdf-schema#comment" : [ {
    "@value" : "Indicates the content of the dataset"
  } ],
  "http://www.w3.org/2000/01/rdf-schema#domain" : [ {
    "@id" : "http://www.w3.org/ns/dcat#Dataset"
  } ],
  "http://www.w3.org/2000/01/rdf-schema#label" : [ {
    "@value" : "containsData"
  } ],
  "http://www.w3.org/2000/01/rdf-schema#range" : [ {
    "@id" : "http://www.lseid.org/ns/lseid#Data"
  } ]
}, {
  "@id" : "http://www.lseid.org/ns/lseid#dateOfGuideline",
  "@type" : [ "http://www.w3.org/2002/07/owl#DatatypeProperty" ],
  "http://www.w3.org/2000/01/rdf-schema#comment" : [ {
    "@value" : "The publication date of the guideline"
  } ],
  "http://www.w3.org/2000/01/rdf-schema#domain" : [ {
    "@id" : "http://www.lseid.org/ns/lseid#Guideline"
  } ],
  "http://www.w3.org/2000/01/rdf-schema#label" : [ {
    "@value" : "dateOfGuideline"
  } ],
  "http://www.w3.org/2000/01/rdf-schema#range" : [ {
    "@id" : "http://www.w3.org/2001/XMLSchema#date"
  } ]
}, {
  "@id" : "http://www.lseid.org/ns/lseid#dateOfOutcome",
  "@type" : [ "http://www.w3.org/2002/07/owl#DatatypeProperty" ],
  "http://www.w3.org/2000/01/rdf-schema#comment" : [ {
    "@value" : "The date when the outcome was produced"
  } ],
  "http://www.w3.org/2000/01/rdf-schema#domain" : [ {
    "@id" : "http://www.lseid.org/ns/lseid#Outcome"
  } ],
  "http://www.w3.org/2000/01/rdf-schema#label" : [ {
    "@value" : "dateOfOutcome"
  } ],
  "http://www.w3.org/2000/01/rdf-schema#range" : [ {
    "@id" : "http://www.w3.org/2001/XMLSchema#byte"
  } ]
}, {
  "@id" : "http://www.lseid.org/ns/lseid#descriptionOfBias",
  "@type" : [ "http://www.w3.org/2002/07/owl#DatatypeProperty" ],
  "http://www.w3.org/2000/01/rdf-schema#comment" : [ {
    "@value" : "Detailed description of the bias (i.e. 85% male data vs 15% female data)"
  } ],
  "http://www.w3.org/2000/01/rdf-schema#domain" : [ {
    "@id" : "http://www.lseid.org/ns/lseid#Bias"
  } ],
  "http://www.w3.org/2000/01/rdf-schema#label" : [ {
    "@value" : "descriptionOfBias"
  } ],
  "http://www.w3.org/2000/01/rdf-schema#range" : [ {
    "@id" : "http://www.w3.org/2000/01/rdf-schema#Literal"
  } ]
}, {
  "@id" : "http://www.lseid.org/ns/lseid#descriptionOfDataApplication",
  "@type" : [ "http://www.w3.org/2002/07/owl#DatatypeProperty" ],
  "http://www.w3.org/2000/01/rdf-schema#comment" : [ {
    "@value" : "Detailed description of the specific usage of the data"
  } ],
  "http://www.w3.org/2000/01/rdf-schema#domain" : [ {
    "@id" : "http://www.w3.org/ns/dpv#Processing"
  } ],
  "http://www.w3.org/2000/01/rdf-schema#label" : [ {
    "@value" : "descriptionOfDataApplication"
  } ],
  "http://www.w3.org/2000/01/rdf-schema#range" : [ {
    "@id" : "http://www.w3.org/2000/01/rdf-schema#Literal"
  } ]
}, {
  "@id" : "http://www.lseid.org/ns/lseid#descriptionOfGroup",
  "@type" : [ "http://www.w3.org/2002/07/owl#DatatypeProperty" ],
  "http://www.w3.org/2000/01/rdf-schema#comment" : [ {
    "@value" : "Description of the group (i.e. composition of the group)"
  } ],
  "http://www.w3.org/2000/01/rdf-schema#domain" : [ {
    "@id" : "http://www.lseid.org/ns/lseid#Group"
  } ],
  "http://www.w3.org/2000/01/rdf-schema#label" : [ {
    "@value" : "descriptionOfGroup"
  } ],
  "http://www.w3.org/2000/01/rdf-schema#range" : [ {
    "@id" : "http://www.w3.org/2000/01/rdf-schema#Literal"
  } ]
}, {
  "@id" : "http://www.lseid.org/ns/lseid#descriptionOfMeasure",
  "@type" : [ "http://www.w3.org/2002/07/owl#DatatypeProperty" ],
  "http://www.w3.org/2000/01/rdf-schema#comment" : [ {
    "@value" : "Detailed description of the taken measure"
  } ],
  "http://www.w3.org/2000/01/rdf-schema#domain" : [ {
    "@id" : "http://www.lseid.org/ns/lseid#SecurityMeasure"
  } ],
  "http://www.w3.org/2000/01/rdf-schema#label" : [ {
    "@value" : "descriptionOfMeasure"
  } ],
  "http://www.w3.org/2000/01/rdf-schema#range" : [ {
    "@id" : "http://www.w3.org/2000/01/rdf-schema#Literal"
  } ]
}, {
  "@id" : "http://www.lseid.org/ns/lseid#descriptionOfRisk",
  "@type" : [ "http://www.w3.org/2002/07/owl#DatatypeProperty" ],
  "http://www.w3.org/2000/01/rdf-schema#comment" : [ {
    "@value" : "Detailed description of the risk"
  } ],
  "http://www.w3.org/2000/01/rdf-schema#domain" : [ {
    "@id" : "http://www.w3.org/ns/dpv#Risk"
  } ],
  "http://www.w3.org/2000/01/rdf-schema#label" : [ {
    "@value" : "descriptionOfRisk"
  } ],
  "http://www.w3.org/2000/01/rdf-schema#range" : [ {
    "@id" : "http://www.w3.org/2000/01/rdf-schema#Literal"
  } ]
}, {
  "@id" : "http://www.lseid.org/ns/lseid#evaluationDate",
  "@type" : [ "http://www.w3.org/2002/07/owl#DatatypeProperty" ],
  "http://www.w3.org/2000/01/rdf-schema#comment" : [ {
    "@value" : "The date of the evaluation"
  } ],
  "http://www.w3.org/2000/01/rdf-schema#domain" : [ {
    "@id" : "http://www.lseid.org/ns/lseid#Evaluation"
  } ],
  "http://www.w3.org/2000/01/rdf-schema#label" : [ {
    "@value" : "evaluationDate"
  } ],
  "http://www.w3.org/2000/01/rdf-schema#range" : [ {
    "@id" : "http://www.w3.org/2001/XMLSchema#date"
  } ]
}, {
  "@id" : "http://www.lseid.org/ns/lseid#evaluationText",
  "@type" : [ "http://www.w3.org/2002/07/owl#DatatypeProperty" ],
  "http://www.w3.org/2000/01/rdf-schema#comment" : [ {
    "@value" : "The content of an evaluation"
  } ],
  "http://www.w3.org/2000/01/rdf-schema#domain" : [ {
    "@id" : "http://www.lseid.org/ns/lseid#Evaluation"
  } ],
  "http://www.w3.org/2000/01/rdf-schema#label" : [ {
    "@value" : "evaluationText"
  } ],
  "http://www.w3.org/2000/01/rdf-schema#range" : [ {
    "@id" : "http://www.w3.org/2000/01/rdf-schema#Literal"
  } ]
}, {
  "@id" : "http://www.lseid.org/ns/lseid#followsGuideline",
  "@type" : [ "http://www.w3.org/2002/07/owl#ObjectProperty" ],
  "http://www.w3.org/2000/01/rdf-schema#comment" : [ {
    "@value" : "Indicates what Guideline was used for carrying out an Assessment"
  } ],
  "http://www.w3.org/2000/01/rdf-schema#domain" : [ {
    "@id" : "http://www.lseid.org/ns/lseid#Assessment"
  } ],
  "http://www.w3.org/2000/01/rdf-schema#label" : [ {
    "@value" : "followsGuideline"
  } ],
  "http://www.w3.org/2000/01/rdf-schema#range" : [ {
    "@id" : "http://www.lseid.org/ns/lseid#Guideline"
  } ]
}, {
  "@id" : "http://www.lseid.org/ns/lseid#hasDataController",
  "@type" : [ "http://www.w3.org/2002/07/owl#ObjectProperty" ],
  "http://www.w3.org/2000/01/rdf-schema#comment" : [ {
    "@value" : "Indicates the Data Controller of the Data"
  } ],
  "http://www.w3.org/2000/01/rdf-schema#domain" : [ {
    "@id" : "http://www.lseid.org/ns/lseid#Data"
  } ],
  "http://www.w3.org/2000/01/rdf-schema#label" : [ {
    "@value" : "hasDataController"
  } ],
  "http://www.w3.org/2000/01/rdf-schema#range" : [ {
    "@id" : "http://www.w3.org/ns/dpv#DataController"
  } ]
}, {
  "@id" : "http://www.lseid.org/ns/lseid#hasDataSource",
  "@type" : [ "http://www.w3.org/2002/07/owl#ObjectProperty" ],
  "http://www.w3.org/2000/01/rdf-schema#comment" : [ {
    "@value" : "Indicates where Data was taken from"
  } ],
  "http://www.w3.org/2000/01/rdf-schema#domain" : [ {
    "@id" : "http://www.lseid.org/ns/lseid#Data"
  } ],
  "http://www.w3.org/2000/01/rdf-schema#label" : [ {
    "@value" : "hasDataSource"
  } ],
  "http://www.w3.org/2000/01/rdf-schema#range" : [ {
    "@id" : "http://www.lseid.org/ns/lseid#DataSource"
  } ]
}, {
  "@id" : "http://www.lseid.org/ns/lseid#hasDataSubject",
  "@type" : [ "http://www.w3.org/2002/07/owl#ObjectProperty" ],
  "http://www.w3.org/2000/01/rdf-schema#comment" : [ {
    "@value" : "Indicates who the Data Subjects are"
  } ],
  "http://www.w3.org/2000/01/rdf-schema#domain" : [ {
    "@id" : "http://www.lseid.org/ns/lseid#Data"
  } ],
  "http://www.w3.org/2000/01/rdf-schema#label" : [ {
    "@value" : "hasDataSubject"
  } ],
  "http://www.w3.org/2000/01/rdf-schema#range" : [ {
    "@id" : "http://www.w3.org/ns/dpv#DataSubject"
  } ]
}, {
  "@id" : "http://www.lseid.org/ns/lseid#hasLegalBasis",
  "@type" : [ "http://www.w3.org/2002/07/owl#ObjectProperty" ],
  "http://www.w3.org/2000/01/rdf-schema#comment" : [ {
    "@value" : "Indicates the legal basis for data processing"
  } ],
  "http://www.w3.org/2000/01/rdf-schema#domain" : [ {
    "@id" : "http://www.w3.org/ns/dpv#Processing"
  } ],
  "http://www.w3.org/2000/01/rdf-schema#label" : [ {
    "@value" : "hasLegalBasis"
  } ],
  "http://www.w3.org/2000/01/rdf-schema#range" : [ {
    "@id" : "http://www.w3.org/ns/dpv#LegalBasis"
  } ]
}, {
  "@id" : "http://www.lseid.org/ns/lseid#hasPurpose",
  "@type" : [ "http://www.w3.org/2002/07/owl#ObjectProperty" ],
  "http://www.w3.org/2000/01/rdf-schema#comment" : [ {
    "@value" : "Used to define the purpose of the data processing"
  } ],
  "http://www.w3.org/2000/01/rdf-schema#domain" : [ {
    "@id" : "http://www.w3.org/ns/dpv#Processing"
  } ],
  "http://www.w3.org/2000/01/rdf-schema#label" : [ {
    "@value" : "hasPurpose"
  } ],
  "http://www.w3.org/2000/01/rdf-schema#range" : [ {
    "@id" : "http://www.w3.org/ns/dpv#Purpose"
  } ]
}, {
  "@id" : "http://www.lseid.org/ns/lseid#hasRisk",
  "@type" : [ "http://www.w3.org/2002/07/owl#ObjectProperty" ],
  "http://www.w3.org/2000/01/rdf-schema#comment" : [ {
    "@value" : "Indicates the risks of processing the data"
  } ],
  "http://www.w3.org/2000/01/rdf-schema#domain" : [ {
    "@id" : "http://www.w3.org/ns/dpv#Processing"
  } ],
  "http://www.w3.org/2000/01/rdf-schema#label" : [ {
    "@value" : "hasRisk"
  } ],
  "http://www.w3.org/2000/01/rdf-schema#range" : [ {
    "@id" : "http://www.w3.org/ns/dpv#Risk"
  } ]
}, {
  "@id" : "http://www.lseid.org/ns/lseid#hasRiskMitigationMeasure",
  "@type" : [ "http://www.w3.org/2002/07/owl#ObjectProperty" ],
  "http://www.w3.org/2000/01/rdf-schema#comment" : [ {
    "@value" : "This property is used to indicate which mitigation measure has been taken"
  } ],
  "http://www.w3.org/2000/01/rdf-schema#domain" : [ {
    "@id" : "http://www.w3.org/ns/dpv#Risk"
  } ],
  "http://www.w3.org/2000/01/rdf-schema#label" : [ {
    "@value" : "hasRiskMitigationMeasure"
  } ],
  "http://www.w3.org/2000/01/rdf-schema#range" : [ {
    "@id" : "http://www.lseid.org/ns/lseid#RiskMitigationMeasure"
  } ]
}, {
  "@id" : "http://www.lseid.org/ns/lseid#hasSecurityMeasure",
  "@type" : [ "http://www.w3.org/2002/07/owl#ObjectProperty" ],
  "http://www.w3.org/2000/01/rdf-schema#comment" : [ {
    "@value" : "Indicates the security measure taken to prevent unoconvenient events"
  } ],
  "http://www.w3.org/2000/01/rdf-schema#domain" : [ {
    "@id" : "http://www.w3.org/ns/dcat#Dataset"
  } ],
  "http://www.w3.org/2000/01/rdf-schema#label" : [ {
    "@value" : "hasSecurityMeasure"
  } ],
  "http://www.w3.org/2000/01/rdf-schema#range" : [ {
    "@id" : "http://www.lseid.org/ns/lseid#SecurityMeasure"
  } ]
}, {
  "@id" : "http://www.lseid.org/ns/lseid#impact",
  "@type" : [ "http://www.w3.org/2002/07/owl#DatatypeProperty" ],
  "http://www.w3.org/2000/01/rdf-schema#comment" : [ {
    "@value" : "Description of the impact"
  } ],
  "http://www.w3.org/2000/01/rdf-schema#domain" : [ {
    "@id" : "http://www.w3.org/ns/dpv#Risk"
  } ],
  "http://www.w3.org/2000/01/rdf-schema#label" : [ {
    "@value" : "impact"
  } ],
  "http://www.w3.org/2000/01/rdf-schema#range" : [ {
    "@id" : "http://www.w3.org/2000/01/rdf-schema#Literal"
  } ]
}, {
  "@id" : "http://www.lseid.org/ns/lseid#initialDate",
  "@type" : [ "http://www.w3.org/2002/07/owl#DatatypeProperty" ],
  "http://www.w3.org/2000/01/rdf-schema#comment" : [ {
    "@value" : "Specifies when the data collection started"
  } ],
  "http://www.w3.org/2000/01/rdf-schema#domain" : [ {
    "@id" : "http://www.lseid.org/ns/lseid#DataSource"
  } ],
  "http://www.w3.org/2000/01/rdf-schema#label" : [ {
    "@value" : "initialDate"
  } ],
  "http://www.w3.org/2000/01/rdf-schema#range" : [ {
    "@id" : "http://www.w3.org/2001/XMLSchema#dateTime"
  } ]
}, {
  "@id" : "http://www.lseid.org/ns/lseid#involvedIn",
  "@type" : [ "http://www.w3.org/2002/07/owl#ObjectProperty" ],
  "http://www.w3.org/2000/01/rdf-schema#comment" : [ {
    "@value" : "Used to indicate the data involved in the data processing"
  } ],
  "http://www.w3.org/2000/01/rdf-schema#domain" : [ {
    "@id" : "http://www.lseid.org/ns/lseid#Data"
  } ],
  "http://www.w3.org/2000/01/rdf-schema#label" : [ {
    "@value" : "involvedIn"
  } ],
  "http://www.w3.org/2000/01/rdf-schema#range" : [ {
    "@id" : "http://www.w3.org/ns/dpv#Processing"
  } ]
}, {
  "@id" : "http://www.lseid.org/ns/lseid#isAbout",
  "@type" : [ "http://www.w3.org/2002/07/owl#ObjectProperty" ],
  "http://www.w3.org/2000/01/rdf-schema#comment" : [ {
    "@value" : "Indicates the data processing that was evaluated"
  } ],
  "http://www.w3.org/2000/01/rdf-schema#domain" : [ {
    "@id" : "http://www.lseid.org/ns/lseid#Evaluation"
  } ],
  "http://www.w3.org/2000/01/rdf-schema#label" : [ {
    "@value" : "isAbout"
  } ],
  "http://www.w3.org/2000/01/rdf-schema#range" : [ {
    "@id" : "http://www.w3.org/ns/dpv#Processing"
  } ]
}, {
  "@id" : "http://www.lseid.org/ns/lseid#isAboutProcessing",
  "@type" : [ "http://www.w3.org/2002/07/owl#ObjectProperty" ],
  "http://www.w3.org/2000/01/rdf-schema#comment" : [ {
    "@value" : "Used to describe the data processing that the assessment is targeting"
  } ],
  "http://www.w3.org/2000/01/rdf-schema#domain" : [ {
    "@id" : "http://www.lseid.org/ns/lseid#Assessment"
  } ],
  "http://www.w3.org/2000/01/rdf-schema#label" : [ {
    "@value" : "isAboutProcessing"
  } ],
  "http://www.w3.org/2000/01/rdf-schema#range" : [ {
    "@id" : "http://www.w3.org/ns/dpv#Processing"
  } ]
}, {
  "@id" : "http://www.lseid.org/ns/lseid#isAssociatedWith",
  "@type" : [ "http://www.w3.org/2002/07/owl#ObjectProperty" ],
  "http://www.w3.org/2000/01/rdf-schema#comment" : [ {
    "@value" : "This property is used to indicate the dataset with which the risk is associated with"
  } ],
  "http://www.w3.org/2000/01/rdf-schema#domain" : [ {
    "@id" : "http://www.w3.org/ns/dpv#Risk"
  } ],
  "http://www.w3.org/2000/01/rdf-schema#label" : [ {
    "@value" : "isAssociatedWith"
  } ],
  "http://www.w3.org/2000/01/rdf-schema#range" : [ {
    "@id" : "http://www.w3.org/ns/dcat#Dataset"
  } ]
}, {
  "@id" : "http://www.lseid.org/ns/lseid#isPersonalData",
  "@type" : [ "http://www.w3.org/2002/07/owl#DatatypeProperty" ],
  "http://www.w3.org/2000/01/rdf-schema#comment" : [ {
    "@value" : "Specifies whether the data contains personal data"
  } ],
  "http://www.w3.org/2000/01/rdf-schema#domain" : [ {
    "@id" : "http://www.lseid.org/ns/lseid#Data"
  } ],
  "http://www.w3.org/2000/01/rdf-schema#label" : [ {
    "@value" : "isPersonalData"
  } ],
  "http://www.w3.org/2000/01/rdf-schema#range" : [ {
    "@id" : "http://www.w3.org/2001/XMLSchema#boolean"
  } ]
}, {
  "@id" : "http://www.lseid.org/ns/lseid#isSensitiveData",
  "@type" : [ "http://www.w3.org/2002/07/owl#DatatypeProperty" ],
  "http://www.w3.org/2000/01/rdf-schema#comment" : [ {
    "@value" : "Specifies whether the data contains sensitive data"
  } ],
  "http://www.w3.org/2000/01/rdf-schema#domain" : [ {
    "@id" : "http://www.lseid.org/ns/lseid#Data"
  } ],
  "http://www.w3.org/2000/01/rdf-schema#label" : [ {
    "@value" : "isSensitiveData"
  } ],
  "http://www.w3.org/2000/01/rdf-schema#range" : [ {
    "@id" : "http://www.w3.org/2001/XMLSchema#boolean"
  } ]
}, {
  "@id" : "http://www.lseid.org/ns/lseid#isVulnerable",
  "@type" : [ "http://www.w3.org/2002/07/owl#DatatypeProperty" ],
  "http://www.w3.org/2000/01/rdf-schema#comment" : [ {
    "@value" : "Specifies whether the data subject is vulnerable"
  } ],
  "http://www.w3.org/2000/01/rdf-schema#domain" : [ {
    "@id" : "http://www.w3.org/ns/dpv#DataSubject"
  } ],
  "http://www.w3.org/2000/01/rdf-schema#label" : [ {
    "@value" : "isVulnerable"
  } ],
  "http://www.w3.org/2000/01/rdf-schema#range" : [ {
    "@id" : "http://www.w3.org/2001/XMLSchema#boolean"
  } ]
}, {
  "@id" : "http://www.lseid.org/ns/lseid#lastDate",
  "@type" : [ "http://www.w3.org/2002/07/owl#DatatypeProperty" ],
  "http://www.w3.org/2000/01/rdf-schema#comment" : [ {
    "@value" : "Specifies when the data collection ended"
  } ],
  "http://www.w3.org/2000/01/rdf-schema#domain" : [ {
    "@id" : "http://www.lseid.org/ns/lseid#DataSource"
  } ],
  "http://www.w3.org/2000/01/rdf-schema#label" : [ {
    "@value" : "lastDate"
  } ],
  "http://www.w3.org/2000/01/rdf-schema#range" : [ {
    "@id" : "http://www.w3.org/2001/XMLSchema#dateTime"
  } ]
}, {
  "@id" : "http://www.lseid.org/ns/lseid#levelOfImpact",
  "@type" : [ "http://www.w3.org/2002/07/owl#DatatypeProperty" ],
  "http://www.w3.org/2000/01/rdf-schema#comment" : [ {
    "@value" : "Description of the level of the impact (i.e. high, low)"
  } ],
  "http://www.w3.org/2000/01/rdf-schema#domain" : [ {
    "@id" : "http://www.w3.org/ns/dpv#Risk"
  } ],
  "http://www.w3.org/2000/01/rdf-schema#label" : [ {
    "@value" : "levelOfImpact"
  } ],
  "http://www.w3.org/2000/01/rdf-schema#range" : [ {
    "@id" : "http://www.w3.org/2000/01/rdf-schema#Literal"
  } ]
}, {
  "@id" : "http://www.lseid.org/ns/lseid#likeliness",
  "@type" : [ "http://www.w3.org/2002/07/owl#DatatypeProperty" ],
  "http://www.w3.org/2000/01/rdf-schema#comment" : [ {
    "@value" : "Description of how probable the event is going to happen"
  } ],
  "http://www.w3.org/2000/01/rdf-schema#domain" : [ {
    "@id" : "http://www.w3.org/ns/dpv#Risk"
  } ],
  "http://www.w3.org/2000/01/rdf-schema#label" : [ {
    "@value" : "likeliness"
  } ],
  "http://www.w3.org/2000/01/rdf-schema#range" : [ {
    "@id" : "http://www.w3.org/2000/01/rdf-schema#Literal"
  } ]
}, {
  "@id" : "http://www.lseid.org/ns/lseid#method",
  "@type" : [ "http://www.w3.org/2002/07/owl#DatatypeProperty" ],
  "http://www.w3.org/2000/01/rdf-schema#comment" : [ {
    "@value" : "Specifies which method was used to collect the data"
  } ],
  "http://www.w3.org/2000/01/rdf-schema#domain" : [ {
    "@id" : "http://www.lseid.org/ns/lseid#DataSource"
  } ],
  "http://www.w3.org/2000/01/rdf-schema#label" : [ {
    "@value" : "method"
  } ],
  "http://www.w3.org/2000/01/rdf-schema#range" : [ {
    "@id" : "http://www.w3.org/2000/01/rdf-schema#Literal"
  } ]
}, {
  "@id" : "http://www.lseid.org/ns/lseid#nameOfAuthority",
  "@type" : [ "http://www.w3.org/2002/07/owl#DatatypeProperty" ],
  "http://www.w3.org/2000/01/rdf-schema#comment" : [ {
    "@value" : "The name of the corresponding authority"
  } ],
  "http://www.w3.org/2000/01/rdf-schema#domain" : [ {
    "@id" : "http://www.lseid.org/ns/lseid#Authority"
  } ],
  "http://www.w3.org/2000/01/rdf-schema#label" : [ {
    "@value" : "nameOfAuthority"
  } ],
  "http://www.w3.org/2000/01/rdf-schema#range" : [ {
    "@id" : "http://www.w3.org/2000/01/rdf-schema#Literal"
  } ]
}, {
  "@id" : "http://www.lseid.org/ns/lseid#nameOfStakeholder",
  "@type" : [ "http://www.w3.org/2002/07/owl#DatatypeProperty" ],
  "http://www.w3.org/2000/01/rdf-schema#comment" : [ {
    "@value" : "The name of the stakeholder"
  } ],
  "http://www.w3.org/2000/01/rdf-schema#domain" : [ {
    "@id" : "http://www.lseid.org/ns/lseid#Stakeholder"
  } ],
  "http://www.w3.org/2000/01/rdf-schema#label" : [ {
    "@value" : "nameOfStakeholder"
  } ],
  "http://www.w3.org/2000/01/rdf-schema#range" : [ {
    "@id" : "http://www.w3.org/2000/01/rdf-schema#Literal"
  } ]
}, {
  "@id" : "http://www.lseid.org/ns/lseid#outcomeDescription",
  "@type" : [ "http://www.w3.org/2002/07/owl#DatatypeProperty" ],
  "http://www.w3.org/2000/01/rdf-schema#comment" : [ {
    "@value" : "Detailed description of the outcome"
  } ],
  "http://www.w3.org/2000/01/rdf-schema#domain" : [ {
    "@id" : "http://www.lseid.org/ns/lseid#Outcome"
  } ],
  "http://www.w3.org/2000/01/rdf-schema#label" : [ {
    "@value" : "outcomeDescription"
  } ],
  "http://www.w3.org/2000/01/rdf-schema#range" : [ {
    "@id" : "http://www.w3.org/2001/XMLSchema#decimal"
  } ]
}, {
  "@id" : "http://www.lseid.org/ns/lseid#producesEvaluation",
  "@type" : [ "http://www.w3.org/2002/07/owl#ObjectProperty" ],
  "http://www.w3.org/2000/01/rdf-schema#comment" : [ {
    "@value" : "Indicates the result of a consultation of an authority with a data controller"
  } ],
  "http://www.w3.org/2000/01/rdf-schema#domain" : [ {
    "@id" : "http://www.lseid.org/ns/lseid#Authority"
  } ],
  "http://www.w3.org/2000/01/rdf-schema#label" : [ {
    "@value" : "producesEvaluation"
  } ],
  "http://www.w3.org/2000/01/rdf-schema#range" : [ {
    "@id" : "http://www.lseid.org/ns/lseid#Evaluation"
  } ]
}, {
  "@id" : "http://www.lseid.org/ns/lseid#producesOutcome",
  "@type" : [ "http://www.w3.org/2002/07/owl#ObjectProperty" ],
  "http://www.w3.org/2000/01/rdf-schema#comment" : [ {
    "@value" : "Used to describe the outcome of an assessment"
  } ],
  "http://www.w3.org/2000/01/rdf-schema#domain" : [ {
    "@id" : "http://www.lseid.org/ns/lseid#Assessment"
  } ],
  "http://www.w3.org/2000/01/rdf-schema#label" : [ {
    "@value" : "producesOutcome"
  } ],
  "http://www.w3.org/2000/01/rdf-schema#range" : [ {
    "@id" : "http://www.lseid.org/ns/lseid#Outcome"
  } ]
}, {
  "@id" : "http://www.lseid.org/ns/lseid#purposeOfCollectingData",
  "@type" : [ "http://www.w3.org/2002/07/owl#DatatypeProperty" ],
  "http://www.w3.org/2000/01/rdf-schema#comment" : [ {
    "@value" : "Describes the reason for the data collection"
  } ],
  "http://www.w3.org/2000/01/rdf-schema#domain" : [ {
    "@id" : "http://www.lseid.org/ns/lseid#Data"
  } ],
  "http://www.w3.org/2000/01/rdf-schema#label" : [ {
    "@value" : "purposeOfCollectingData"
  } ],
  "http://www.w3.org/2000/01/rdf-schema#range" : [ {
    "@id" : "http://www.w3.org/2000/01/rdf-schema#Literal"
  } ]
}, {
  "@id" : "http://www.lseid.org/ns/lseid#reviewFrequency",
  "@type" : [ "http://www.w3.org/2002/07/owl#DatatypeProperty" ],
  "http://www.w3.org/2000/01/rdf-schema#comment" : [ {
    "@value" : "Used to describe how frequently an assessment is being reviewed"
  } ],
  "http://www.w3.org/2000/01/rdf-schema#domain" : [ {
    "@id" : "http://www.lseid.org/ns/lseid#Assessment"
  } ],
  "http://www.w3.org/2000/01/rdf-schema#label" : [ {
    "@value" : "reviewFrequency"
  } ],
  "http://www.w3.org/2000/01/rdf-schema#range" : [ {
    "@id" : "http://www.w3.org/2000/01/rdf-schema#Literal"
  } ]
}, {
  "@id" : "http://www.lseid.org/ns/lseid#size",
  "@type" : [ "http://www.w3.org/2002/07/owl#DatatypeProperty" ],
  "http://www.w3.org/2000/01/rdf-schema#comment" : [ {
    "@value" : "Size of data in MB"
  } ],
  "http://www.w3.org/2000/01/rdf-schema#domain" : [ {
    "@id" : "http://www.lseid.org/ns/lseid#Data"
  } ],
  "http://www.w3.org/2000/01/rdf-schema#label" : [ {
    "@value" : "size"
  } ],
  "http://www.w3.org/2000/01/rdf-schema#range" : [ {
    "@id" : "http://www.w3.org/2001/XMLSchema#double"
  } ]
}, {
  "@id" : "http://www.lseid.org/ns/lseid#typeOfAssessment",
  "@type" : [ "http://www.w3.org/2002/07/owl#DatatypeProperty" ],
  "http://www.w3.org/2000/01/rdf-schema#comment" : [ {
    "@value" : "Description of assessment type (i.e. DPIA, Ethical Assessment, etc.)"
  } ],
  "http://www.w3.org/2000/01/rdf-schema#domain" : [ {
    "@id" : "http://www.lseid.org/ns/lseid#Assessment"
  } ],
  "http://www.w3.org/2000/01/rdf-schema#label" : [ {
    "@value" : "typeOfAssessment"
  } ],
  "http://www.w3.org/2000/01/rdf-schema#range" : [ {
    "@id" : "http://www.w3.org/2000/01/rdf-schema#Literal"
  } ]
}, {
  "@id" : "http://www.lseid.org/ns/lseid#typeOfBias",
  "@type" : [ "http://www.w3.org/2002/07/owl#DatatypeProperty" ],
  "http://www.w3.org/2000/01/rdf-schema#comment" : [ {
    "@value" : "Description of the type of the bias (i.e. unbalanced data)"
  } ],
  "http://www.w3.org/2000/01/rdf-schema#domain" : [ {
    "@id" : "http://www.lseid.org/ns/lseid#Bias"
  } ],
  "http://www.w3.org/2000/01/rdf-schema#label" : [ {
    "@value" : "typeOfBias"
  } ],
  "http://www.w3.org/2000/01/rdf-schema#range" : [ {
    "@id" : "http://www.w3.org/2000/01/rdf-schema#Literal"
  } ]
}, {
  "@id" : "http://www.lseid.org/ns/lseid#typeOfData",
  "@type" : [ "http://www.w3.org/2002/07/owl#DatatypeProperty" ],
  "http://www.w3.org/2000/01/rdf-schema#comment" : [ {
    "@value" : "Description of the data"
  } ],
  "http://www.w3.org/2000/01/rdf-schema#domain" : [ {
    "@id" : "http://www.lseid.org/ns/lseid#Data"
  } ],
  "http://www.w3.org/2000/01/rdf-schema#label" : [ {
    "@value" : "typeOfData"
  } ],
  "http://www.w3.org/2000/01/rdf-schema#range" : [ {
    "@id" : "http://www.w3.org/2000/01/rdf-schema#Literal"
  } ]
}, {
  "@id" : "http://www.lseid.org/ns/lseid#typeOfDataSubject",
  "@type" : [ "http://www.w3.org/2002/07/owl#DatatypeProperty" ],
  "http://www.w3.org/2000/01/rdf-schema#comment" : [ {
    "@value" : "Specifies who the data subject is (i.e. adult, child, etc.)"
  } ],
  "http://www.w3.org/2000/01/rdf-schema#domain" : [ {
    "@id" : "http://www.w3.org/ns/dpv#DataSubject"
  } ],
  "http://www.w3.org/2000/01/rdf-schema#label" : [ {
    "@value" : "typeOfDataSubject"
  } ],
  "http://www.w3.org/2000/01/rdf-schema#range" : [ {
    "@id" : "http://www.w3.org/2000/01/rdf-schema#Literal"
  } ]
}, {
  "@id" : "http://www.semanticweb.org/phili/ontologies/2021/4/untitled-ontology-7",
  "@type" : [ "http://www.w3.org/2002/07/owl#Ontology" ]
}, {
  "@id" : "http://www.w3.org/2001/XMLSchema#date",
  "@type" : [ "http://www.w3.org/2000/01/rdf-schema#Datatype" ]
}, {
  "@id" : "http://www.w3.org/2002/07/owl#topDataProperty",
  "http://www.w3.org/2000/01/rdf-schema#range" : [ {
    "@id" : "http://www.w3.org/2001/XMLSchema#boolean"
  } ]
}, {
  "@id" : "http://www.w3.org/2003/06/sw-vocab-status/ns#term_status",
  "@type" : [ "http://www.w3.org/2002/07/owl#AnnotationProperty" ]
}, {
  "@id" : "http://www.w3.org/2004/02/skos/core#altLabel",
  "@type" : [ "http://www.w3.org/2002/07/owl#AnnotationProperty" ]
}, {
  "@id" : "http://www.w3.org/2004/02/skos/core#changeNote",
  "@type" : [ "http://www.w3.org/2002/07/owl#AnnotationProperty" ]
}, {
  "@id" : "http://www.w3.org/2004/02/skos/core#definition",
  "@type" : [ "http://www.w3.org/2002/07/owl#AnnotationProperty" ]
}, {
  "@id" : "http://www.w3.org/2004/02/skos/core#editorialNote",
  "@type" : [ "http://www.w3.org/2002/07/owl#AnnotationProperty" ]
}, {
  "@id" : "http://www.w3.org/2004/02/skos/core#scopeNote",
  "@type" : [ "http://www.w3.org/2002/07/owl#AnnotationProperty" ]
}, {
  "@id" : "http://www.w3.org/ns/dcat#Dataset",
  "@type" : [ "http://www.w3.org/2002/07/owl#Class" ],
  "http://www.w3.org/2000/01/rdf-schema#comment" : [ {
    "@language" : "ja",
    "@value" : "1つのエージェントによって公開またはキュレートされ、1つ以上の形式でアクセスまたはダウンロードできるデータの集合。"
  }, {
    "@language" : "en",
    "@value" : "A collection of data, published or curated by a single source, and available for access or download in one or more representations."
  }, {
    "@language" : "da",
    "@value" : "En samling af data, udgivet eller udvalgt og arrangeret af en enkelt kilde og som er til råde for adgang til eller download af i en eller flere repræsentationer."
  }, {
    "@language" : "cs",
    "@value" : "Kolekce dat poskytovaná či řízená jedním zdrojem, která je k dispozici pro přístup či stažení v jednom či více formátech."
  }, {
    "@language" : "it",
    "@value" : "Raccolta di dati, pubblicati o curati da un'unica fonte, disponibili per l'accesso o il download in uno o più formati."
  }, {
    "@language" : "es",
    "@value" : "Una colección de datos, publicados o conservados por una única fuente, y disponibles para ser accedidos o descargados en uno o más formatos."
  }, {
    "@language" : "fr",
    "@value" : "Une collection de données, publiée ou élaborée par une seule source, et disponible pour accès ou téléchargement dans un ou plusieurs formats."
  }, {
    "@language" : "el",
    "@value" : "Μία συλλογή από δεδομένα, δημοσιευμένη ή επιμελημένη από μία και μόνο πηγή, διαθέσιμη δε προς πρόσβαση ή μεταφόρτωση σε μία ή περισσότερες μορφές."
  }, {
    "@language" : "ar",
    "@value" : "قائمة بيانات منشورة أو مجموعة من قبل مصدر ما و متاح الوصول إليها أو تحميلها"
  } ],
  "http://www.w3.org/2000/01/rdf-schema#isDefinedBy" : [ {
    "@id" : "http://www.w3.org/TR/vocab-dcat/"
  } ],
  "http://www.w3.org/2000/01/rdf-schema#label" : [ {
    "@language" : "es",
    "@value" : "Conjunto de datos"
  }, {
    "@language" : "en",
    "@value" : "Dataset"
  }, {
    "@language" : "it",
    "@value" : "Dataset"
  }, {
    "@language" : "da",
    "@value" : "Datasæt"
  }, {
    "@language" : "cs",
    "@value" : "Datová sada"
  }, {
    "@language" : "fr",
    "@value" : "Jeu de données"
  }, {
    "@language" : "el",
    "@value" : "Σύνολο Δεδομένων"
  }, {
    "@language" : "ar",
    "@value" : "قائمة بيانات"
  }, {
    "@language" : "ja",
    "@value" : "データセット"
  } ],
  "http://www.w3.org/2004/02/skos/core#altLabel" : [ {
    "@language" : "da",
    "@value" : "Datasamling"
  } ],
  "http://www.w3.org/2004/02/skos/core#changeNote" : [ {
    "@language" : "cs",
    "@value" : "2018-02 - odstraněno tvrzení o podtřídě dctype:Dataset, jelikož rozsah dcat:Dataset zahrnuje několik dalších typů ze slovníku dctype."
  }, {
    "@language" : "es",
    "@value" : "2018-02 - se eliminó el axioma de subclase con dctype:Dataset porque el alcance de dcat:Dataset incluye muchos otros tipos del vocabulario dctype."
  }, {
    "@language" : "it",
    "@value" : "2018-02 - sottoclasse di dctype:Dataset rimosso perché l'ambito di dcat:Dataset include diversi altri tipi dal vocabolario dctype."
  }, {
    "@language" : "en",
    "@value" : "2018-02 - subclass of dctype:Dataset removed because scope of dcat:Dataset includes several other types from the dctype vocabulary."
  }, {
    "@language" : "da",
    "@value" : "2018-02 - subklasse af dctype:Dataset fjernet da scope af dcat:Dataset omfatter flere forskellige typer fra dctype-vokabularet."
  } ],
  "http://www.w3.org/2004/02/skos/core#definition" : [ {
    "@language" : "ja",
    "@value" : "1つのエージェントによって公開またはキュレートされ、1つ以上の形式でアクセスまたはダウンロードできるデータの集合。"
  }, {
    "@language" : "en",
    "@value" : "A collection of data, published or curated by a single source, and available for access or download in one or more represenations."
  }, {
    "@language" : "da",
    "@value" : "En samling a data, udgivet eller udvalgt og arrangeret af en enkelt kilde og som der er adgang til i en eller flere repræsentationer."
  }, {
    "@language" : "cs",
    "@value" : "Kolekce dat poskytovaná či řízená jedním zdrojem, která je k dispozici pro přístup či stažení v jednom či více formátech."
  }, {
    "@language" : "it",
    "@value" : "Raccolta di dati, pubblicati o curati da un'unica fonte, disponibili per l'accesso o il download in uno o più formati."
  }, {
    "@language" : "es",
    "@value" : "Una colección de datos, publicados o conservados por una única fuente, y disponibles para ser accedidos o descargados en uno o más formatos."
  }, {
    "@language" : "fr",
    "@value" : "Une collection de données, publiée ou élaborée par une seule source, et disponible pour accès ou téléchargement dans un ou plusieurs formats."
  }, {
    "@language" : "el",
    "@value" : "Μία συλλογή από δεδομένα, δημοσιευμένη ή επιμελημένη από μία και μόνο πηγή, διαθέσιμη δε προς πρόσβαση ή μεταφόρτωση σε μία ή περισσότερες μορφές."
  }, {
    "@language" : "ar",
    "@value" : "قائمة بيانات منشورة أو مجموعة من قبل مصدر ما و متاح الوصول إليها أو تحميلها"
  } ],
  "http://www.w3.org/2004/02/skos/core#editorialNote" : [ {
    "@language" : "en",
    "@value" : "2020-03-16 A new scopenote added and need to be translated"
  } ],
  "http://www.w3.org/2004/02/skos/core#scopeNote" : [ {
    "@language" : "fr",
    "@value" : "Cette classe représente le jeu de données publié par le fournisseur de données. Dans les cas où une distinction est nécessaire entre le jeu de donénes et son entrée dans le catalogue, la classe registre de données peut être utilisée pour ce dernier."
  }, {
    "@language" : "da",
    "@value" : "Denne klasse beskriver det konceptuelle datasæt. En eller flere repræsentationer kan være tilgængelige med forskellige skematiske opsætninger, formater eller serialiseringer."
  }, {
    "@language" : "da",
    "@value" : "Denne klasse repræsenterer det konkrete datasæt som det udgives af datasætleverandøren. I de tilfælde hvor det er nødvendigt at skelne mellem det konkrete datasæt og dets registrering i kataloget (fordi metadata såsom ændringsdato og vedligeholder er forskellige), så kan klassen katalogpost anvendes. "
  }, {
    "@language" : "es",
    "@value" : "Esta clase representa el conjunto de datos publicados. En los casos donde es necesario distinguir entre el conjunto de datos y su entrada en el catálogo de datos, se debe utilizar la clase 'registro del catálogo'."
  }, {
    "@language" : "it",
    "@value" : "Questa classe descrive il dataset dal punto di vista concettuale. Possono essere disponibili una o più rappresentazioni, con diversi layout e formati schematici o serializzazioni."
  }, {
    "@language" : "it",
    "@value" : "Questa classe rappresenta il dataset come pubblicato dall’editore. Nel caso in cui sia necessario operare  una distinzione fra i metadati originali del dataset e il record dei metadati ad esso associato nel catalogo (ad esempio, per distinguere la data di modifica del dataset da quella del dataset nel catalogo) si può impiegare la classe catalog record."
  }, {
    "@language" : "cs",
    "@value" : "Tato třída reprezentuje datovou sadu tak, jak je publikována poskytovatelem dat. V případě potřeby rozlišení datové sady a jejího katalogizačního záznamu (jelikož metadata jako datum modifikace se mohou lišit) pro něj může být použita třída \"katalogizační záznam\"."
  }, {
    "@language" : "en",
    "@value" : "The notion of dataset in DCAT is broad and inclusive, with the intention of accommodating resource types arising from all communities. Data comes in many forms including numbers, text, pixels, imagery, sound and other multi-media, and potentially other types, any of which might be collected into a dataset."
  }, {
    "@language" : "en",
    "@value" : "This class describes the conceptual dataset. One or more representations might be available, with differing schematic layouts and formats or serializations."
  }, {
    "@language" : "en",
    "@value" : "This class represents the actual dataset as published by the dataset provider. In cases where a distinction between the actual dataset and its entry in the catalog is necessary (because metadata such as modification date and maintainer might differ), the catalog record class can be used for the latter."
  }, {
    "@language" : "el",
    "@value" : "Η κλάση αυτή αναπαριστά το σύνολο δεδομένων αυτό καθ'εαυτό, όπως έχει δημοσιευθεί από τον εκδότη. Σε περιπτώσεις όπου είναι απαραίτητος ο διαχωρισμός μεταξύ του συνόλου δεδομένων και της καταγραφής αυτού στον κατάλογο (γιατί μεταδεδομένα όπως η ημερομηνία αλλαγής και ο συντηρητής μπορεί να διαφέρουν) η κλάση της καταγραφής καταλόγου μπορεί να χρησιμοποιηθεί για το τελευταίο."
  }, {
    "@language" : "ja",
    "@value" : "このクラスは、データセットの公開者が公開する実際のデータセットを表わします。カタログ内の実際のデータセットとそのエントリーとの区別が必要な場合（修正日と維持者などのメタデータが異なるかもしれないので）は、後者にcatalog recordというクラスを使用できます。"
  } ]
}, {
  "@id" : "http://www.w3.org/ns/dpv#DataController",
  "@type" : [ "http://www.w3.org/2002/07/owl#Class" ],
  "http://purl.org/dc/terms/created" : [ {
    "@type" : "http://www.w3.org/2001/XMLSchema#date",
    "@value" : "2019-04-05"
  } ],
  "http://purl.org/dc/terms/creator" : [ {
    "@value" : "Axel Polleres"
  }, {
    "@value" : "Javier Ferenandez"
  } ],
  "http://purl.org/dc/terms/description" : [ {
    "@language" : "en",
    "@value" : "The individual or organisation that decides (or controls) the purpose(s) of processing personal data."
  } ],
  "http://purl.org/dc/terms/modified" : [ {
    "@type" : "http://www.w3.org/2001/XMLSchema#date",
    "@value" : "2020-11-04"
  } ],
  "http://www.w3.org/2000/01/rdf-schema#comment" : [ {
    "@language" : "en",
    "@value" : "The terms 'Controller' is usually the more common form of indicating a Data Controller. In ISO/IEC the term 'PII Controller' is used."
  } ],
  "http://www.w3.org/2000/01/rdf-schema#isDefinedBy" : [ {
    "@id" : "https://eur-lex.europa.eu/eli/reg/2016/679/art_4/par_7/oj"
  } ],
  "http://www.w3.org/2000/01/rdf-schema#label" : [ {
    "@language" : "en",
    "@value" : "Data Controller"
  } ],
  "http://www.w3.org/2000/01/rdf-schema#subClassOf" : [ {
    "@id" : "http://www.lseid.org/ns/lseid#OrganizationalStakeholder"
  } ],
  "http://www.w3.org/2003/06/sw-vocab-status/ns#term_status" : [ {
    "@language" : "en",
    "@value" : "accepted"
  } ]
}, {
  "@id" : "http://www.w3.org/ns/dpv#DataProtectionOfficer",
  "@type" : [ "http://www.w3.org/2002/07/owl#Class" ],
  "http://purl.org/dc/terms/created" : [ {
    "@type" : "http://www.w3.org/2001/XMLSchema#date",
    "@value" : "2020-11-04"
  } ],
  "http://purl.org/dc/terms/creator" : [ {
    "@value" : "Georg Krog"
  }, {
    "@value" : "Paul Ryan"
  } ],
  "http://purl.org/dc/terms/description" : [ {
    "@language" : "en",
    "@value" : "An entity within or authorised by an organisation to monitor internal compliance, inform and advise on your data protection obligations and act as a contact point for data subjects and the supervisory authority."
  } ],
  "http://www.w3.org/2000/01/rdf-schema#isDefinedBy" : [ {
    "@id" : "https://eur-lex.europa.eu/eli/reg/2016/679/art_37/oj"
  } ],
  "http://www.w3.org/2000/01/rdf-schema#label" : [ {
    "@language" : "en",
    "@value" : "Data Protection Officer"
  } ],
  "http://www.w3.org/2000/01/rdf-schema#subClassOf" : [ {
    "@id" : "http://www.lseid.org/ns/lseid#OrganizationalStakeholder"
  } ],
  "http://www.w3.org/2003/06/sw-vocab-status/ns#term_status" : [ {
    "@language" : "en",
    "@value" : "accepted"
  } ]
}, {
  "@id" : "http://www.w3.org/ns/dpv#DataSubject",
  "@type" : [ "http://www.w3.org/2002/07/owl#Class" ],
  "http://purl.org/dc/terms/created" : [ {
    "@type" : "http://www.w3.org/2001/XMLSchema#date",
    "@value" : "2019-04-05"
  } ],
  "http://purl.org/dc/terms/creator" : [ {
    "@value" : "Axel Polleres"
  }, {
    "@value" : "Javier Ferenandez"
  } ],
  "http://purl.org/dc/terms/description" : [ {
    "@language" : "en",
    "@value" : "The individual (or category of individuals) whose personal data is being processed"
  } ],
  "http://purl.org/dc/terms/modified" : [ {
    "@type" : "http://www.w3.org/2001/XMLSchema#date",
    "@value" : "2020-11-04"
  } ],
  "http://www.w3.org/2000/01/rdf-schema#comment" : [ {
    "@language" : "en",
    "@value" : "The term 'data subject' is specific to the GDPR, but is functionally equivalent to the term 'individual' and the ISO/IEC term 'PII Principle'."
  } ],
  "http://www.w3.org/2000/01/rdf-schema#isDefinedBy" : [ {
    "@id" : "https://eur-lex.europa.eu/eli/reg/2016/679/art_4/par_1/oj"
  } ],
  "http://www.w3.org/2000/01/rdf-schema#label" : [ {
    "@language" : "en",
    "@value" : "Data Subject"
  } ],
  "http://www.w3.org/2000/01/rdf-schema#subClassOf" : [ {
    "@id" : "http://www.lseid.org/ns/lseid#Stakeholder"
  } ],
  "http://www.w3.org/2003/06/sw-vocab-status/ns#term_status" : [ {
    "@language" : "en",
    "@value" : "accepted"
  } ]
}, {
  "@id" : "http://www.w3.org/ns/dpv#LegalBasis",
  "@type" : [ "http://www.w3.org/2002/07/owl#Class" ],
  "http://purl.org/dc/terms/created" : [ {
    "@type" : "http://www.w3.org/2001/XMLSchema#date",
    "@value" : "2019-04-05"
  } ],
  "http://purl.org/dc/terms/description" : [ {
    "@language" : "en",
    "@value" : "The Legal basis used to justify processing of personal data"
  } ],
  "http://purl.org/dc/terms/modified" : [ {
    "@type" : "http://www.w3.org/2001/XMLSchema#date",
    "@value" : "2020-11-04"
  } ],
  "http://www.w3.org/2000/01/rdf-schema#comment" : [ {
    "@language" : "en",
    "@value" : "Legal basis (plural: legal bases) are defined by legislations and regulations, whose applicability is usually restricted to specific jurisdictions."
  } ],
  "http://www.w3.org/2000/01/rdf-schema#label" : [ {
    "@language" : "en",
    "@value" : "Legal Basis"
  } ],
  "http://www.w3.org/2003/06/sw-vocab-status/ns#term_status" : [ {
    "@language" : "en",
    "@value" : "accepted"
  } ]
}, {
  "@id" : "http://www.w3.org/ns/dpv#Processing",
  "@type" : [ "http://www.w3.org/2002/07/owl#Class" ],
  "http://purl.org/dc/terms/created" : [ {
    "@type" : "http://www.w3.org/2001/XMLSchema#date",
    "@value" : "2019-04-05"
  } ],
  "http://purl.org/dc/terms/creator" : [ {
    "@value" : "Axel Polleres"
  }, {
    "@value" : "Javier Ferenandez"
  } ],
  "http://purl.org/dc/terms/description" : [ {
    "@language" : "en",
    "@value" : "The processing performed on personal data"
  } ],
  "http://purl.org/dc/terms/modified" : [ {
    "@type" : "http://www.w3.org/2001/XMLSchema#date",
    "@value" : "2020-11-04"
  } ],
  "http://www.w3.org/2000/01/rdf-schema#isDefinedBy" : [ {
    "@id" : "https://www.specialprivacy.eu/"
  } ],
  "http://www.w3.org/2000/01/rdf-schema#label" : [ {
    "@language" : "en",
    "@value" : "Processing"
  } ],
  "http://www.w3.org/2000/01/rdf-schema#seeAlso" : [ {
    "@id" : "http://www.specialprivacy.eu/langs/usage-policy#AnyProcessing"
  } ],
  "http://www.w3.org/2003/06/sw-vocab-status/ns#term_status" : [ {
    "@language" : "en",
    "@value" : "accepted"
  } ]
}, {
  "@id" : "http://www.w3.org/ns/dpv#Purpose",
  "@type" : [ "http://www.w3.org/2002/07/owl#Class" ],
  "http://purl.org/dc/terms/created" : [ {
    "@type" : "http://www.w3.org/2001/XMLSchema#date",
    "@value" : "2019-04-05"
  } ],
  "http://purl.org/dc/terms/creator" : [ {
    "@value" : "Axel Polleres"
  }, {
    "@value" : "Javier Ferenandez"
  } ],
  "http://purl.org/dc/terms/description" : [ {
    "@language" : "en",
    "@value" : "The purpose of processing personal data"
  } ],
  "http://purl.org/dc/terms/modified" : [ {
    "@type" : "http://www.w3.org/2001/XMLSchema#date",
    "@value" : "2020-11-04"
  } ],
  "http://www.w3.org/2000/01/rdf-schema#isDefinedBy" : [ {
    "@id" : "https://www.specialprivacy.eu/"
  } ],
  "http://www.w3.org/2000/01/rdf-schema#label" : [ {
    "@language" : "en",
    "@value" : "Purpose"
  } ],
  "http://www.w3.org/2000/01/rdf-schema#seeAlso" : [ {
    "@id" : "http://www.specialprivacy.eu/langs/usage-policy#AnyPurpose"
  } ],
  "http://www.w3.org/2003/06/sw-vocab-status/ns#term_status" : [ {
    "@language" : "en",
    "@value" : "accepted"
  } ]
}, {
  "@id" : "http://www.w3.org/ns/dpv#Risk",
  "@type" : [ "http://www.w3.org/2002/07/owl#Class" ],
  "http://purl.org/dc/terms/created" : [ {
    "@type" : "http://www.w3.org/2001/XMLSchema#date",
    "@value" : "2020-11-18"
  } ],
  "http://purl.org/dc/terms/creator" : [ {
    "@value" : "Harshvardhan J. Pandit"
  } ],
  "http://purl.org/dc/terms/description" : [ {
    "@language" : "en",
    "@value" : "A risk or possibility or uncertainty of negative effects, impacts, or consequences."
  } ],
  "http://www.w3.org/2000/01/rdf-schema#comment" : [ {
    "@language" : "en",
    "@value" : "Risks can be associated with one or more different concepts such as purpose, processing, personal data, technical or organisational measure."
  } ],
  "http://www.w3.org/2000/01/rdf-schema#label" : [ {
    "@language" : "en",
    "@value" : "Risk"
  } ],
  "http://www.w3.org/2003/06/sw-vocab-status/ns#term_status" : [ {
    "@language" : "en",
    "@value" : "accepted"
  } ]
}, {
  "@id" : "http://www.w3.org/ns/dqv#Metric",
  "@type" : [ "http://www.w3.org/2002/07/owl#Class" ],
  "http://www.w3.org/2000/01/rdf-schema#comment" : [ {
    "@language" : "en",
    "@value" : "Represents a standard to measure a quality dimension. An observation (instance of dqv:QualityMeasurement) assigns a value in a given unit to a Metric."
  } ],
  "http://www.w3.org/2000/01/rdf-schema#label" : [ {
    "@language" : "en",
    "@value" : "Metric"
  } ]
}, {
  "@id" : "http://www.w3.org/ns/dqv#QualityMeasurement",
  "@type" : [ "http://www.w3.org/2002/07/owl#Class" ],
  "http://purl.org/vocab/vann/usageNote" : [ {
    "@language" : "en",
    "@value" : "The unit of measure in quality measurement should be specified through the property sdmx-attribute:unitMeasure as recommended by RDF Data Cube. The Ontology of units of Measure (OM) by Rijgersberg Et Al provides a list of HTTP dereferenceable unit of measures, which can be exploited as values for sdmx-attribute:unitMeasure."
  } ],
  "http://www.w3.org/2000/01/rdf-schema#comment" : [ {
    "@language" : "en",
    "@value" : "Represents the evaluation of a given dataset (or dataset distribution) against a specific quality metric."
  } ],
  "http://www.w3.org/2000/01/rdf-schema#label" : [ {
    "@language" : "en",
    "@value" : "Quality Measurement"
  } ]
}, {
  "@id" : "https://www.w3.org/ns/dqv#hasQualityMeasurement",
  "@type" : [ "http://www.w3.org/2002/07/owl#ObjectProperty" ],
  "http://www.w3.org/2000/01/rdf-schema#domain" : [ {
    "@id" : "http://www.w3.org/ns/dcat#Dataset"
  } ],
  "http://www.w3.org/2000/01/rdf-schema#range" : [ {
    "@id" : "http://www.w3.org/ns/dqv#QualityMeasurement"
  } ]
}, {
  "@id" : "https://www.w3.org/ns/dqv#isMeasurementOf",
  "@type" : [ "http://www.w3.org/2002/07/owl#ObjectProperty" ],
  "http://www.w3.org/2000/01/rdf-schema#domain" : [ {
    "@id" : "http://www.w3.org/ns/dqv#QualityMeasurement"
  } ],
  "http://www.w3.org/2000/01/rdf-schema#range" : [ {
    "@id" : "http://www.w3.org/ns/dqv#Metric"
  } ],
  "http://www.w3.org/2000/01/rdf-schema#subPropertyOf" : [ {
    "@id" : "http://www.w3.org/2002/07/owl#topObjectProperty"
  } ]
} ]